{
  "market_params": {
    "target_utilization": 0.9,
    "reserve_factor": 0.1,
    "r_min": 0.02,
    "r_kink": 0.08,
    "r_max": 0.75,
    "kink_convexity": 2.0,
    "scalar_k": 100.0
  },
  "underwriter_config": {
    "locked_collateral": 100000000.0,
    "collateral_yield": 0.0,
    "horizon_days": 365,
    "default_day": 240,
    "dt_days": 1
  },
  "yield_invariant": {
    "decay_rate": 2.302585092994046,
    "max_valid_rmax": 2.5584278811044956,
    "configured_rmax": 0.75,
    "min_alpha": 0.06140226914650789,
    "worst_case": {
      "utilization": 0.0,
      "borrow_rate": 0.02,
      "y_cds": 0.06140226914650789,
      "y_supply": 0.0
    },
    "negative_control_aggressive_rmax": 3.1980348513806196,
    "negative_control_terminal_alpha": -0.5756462732485117
  },
  "underwriter_summary": {
    "locked_collateral": 100000000.0,
    "initial_token_supply": 1333333.3333333333,
    "final_token_supply": 13333333.333333336,
    "max_liability_error": 1.4901161193847657e-16,
    "max_jit_token_error": 0.0,
    "max_premium_error": 0.0,
    "no_default_cumulative_premium": 94931841.99860239,
    "no_default_collateral_yield": 0.0,
    "no_default_equity": 194931841.9986024,
    "no_default_profit": 94931841.99860239,
    "passive_supply_income_floor": 26905040.235342164,
    "premium_minus_passive_supply": 68026801.76326023,
    "default_day": 240,
    "default_borrow_rate": 0.75,
    "default_max_liability": 99999999.99999999,
    "default_cumulative_premium": 16324394.487905476,
    "default_collateral_yield": 0.0,
    "default_equity_after_settlement": 16324394.487905487,
    "default_loss_on_locked_collateral": 83675605.51209451,
    "buyer_constant_coverage_summary": {
      "initial_tokens": 1333333.3333333333,
      "final_tokens": 13333333.333333336,
      "max_coverage_error": 1.4901161193847657e-16,
      "max_daily_premium_error_vs_continuous": 0.0031476038405105805,
      "cumulative_premium_paid": 94931841.99860239,
      "cumulative_continuous_premium": 95231593.32749294,
      "cumulative_supply_yield_floor": 26905040.235342164,
      "default_day": 240,
      "default_nf": 0.22002182031514392,
      "default_borrow_rate": 0.75,
      "default_maintained_payout": 99999999.99999999,
      "default_passive_payout": 22002182.03151439,
      "default_mark_value": 100000000.0,
      "final_maintained_max_coverage": 100000000.0,
      "final_passive_max_coverage": 9999999.999999998
    }
  },
  "sample_states": [
    {
      "day": 0,
      "utilization": 0.72,
      "borrow_rate": 0.06799999999999999,
      "nf": 1.0,
      "cumulative_token_supply": 1333333.3333333333,
      "newly_issued_tokens": 0.0,
      "max_liability": 100000000.0,
      "premium_income": 0.0,
      "cumulative_premium": 0.0,
      "collateral_yield_income": 0.0,
      "cumulative_collateral_yield": 0.0,
      "passive_supply_income": 12072.328767123285,
      "cumulative_passive_supply_income": 12072.328767123285,
      "equity_no_default": 100000000.0,
      "equity_if_settled_now": 0.0
    },
    {
      "day": 30,
      "utilization": 0.7592503351152848,
      "borrow_rate": 0.07061668900768565,
      "nf": 0.8275766320702963,
      "cumulative_token_supply": 1611129.7512084378,
      "newly_issued_tokens": 10131.743788083084,
      "max_liability": 100000000.0,
      "premium_income": 59210.641861875396,
      "cumulative_premium": 1756917.6775805682,
      "collateral_yield_income": 0.0,
      "cumulative_collateral_yield": 0.0,
      "passive_supply_income": 13220.320634091908,
      "cumulative_passive_supply_income": 398444.028512526,
      "equity_no_default": 101756917.67758057,
      "equity_if_settled_now": 1756917.6775805652
    },
    {
      "day": 90,
      "utilization": 0.6865794380049872,
      "borrow_rate": 0.06577196253366581,
      "nf": 0.5667932343211247,
      "cumulative_token_supply": 2352415.753392558,
      "newly_issued_tokens": 14793.39182865154,
      "max_liability": 100000000.0,
      "premium_income": 55148.438320434354,
      "cumulative_premium": 5147680.314683816,
      "collateral_yield_income": 0.0,
      "cumulative_collateral_yield": 0.0,
      "passive_supply_income": 11134.769689195728,
      "cumulative_passive_supply_income": 1108159.4539662614,
      "equity_no_default": 105147680.31468381,
      "equity_if_settled_now": 5147680.31468381
    },
    {
      "day": 240,
      "utilization": 1.0,
      "borrow_rate": 0.75,
      "nf": 0.22002182031514392,
      "cumulative_token_supply": 6060005.009610226,
      "newly_issued_tokens": 38108.92205659952,
      "max_liability": 99999999.99999999,
      "premium_income": 628859.5800855724,
      "cumulative_premium": 16324394.487905476,
      "collateral_yield_income": 0.0,
      "cumulative_collateral_yield": 0.0,
      "passive_supply_income": 184931.50684931508,
      "cumulative_passive_supply_income": 3788601.8791777864,
      "equity_no_default": 116324394.48790547,
      "equity_if_settled_now": 16324394.487905487
    },
    {
      "day": 365,
      "utilization": 1.0,
      "borrow_rate": 0.75,
      "nf": 0.09999999999999998,
      "cumulative_token_supply": 13333333.333333336,
      "newly_issued_tokens": 83847.94401140697,
      "max_liability": 100000000.0,
      "premium_income": 628859.5800855522,
      "cumulative_premium": 94931841.99860239,
      "collateral_yield_income": 0.0,
      "cumulative_collateral_yield": 0.0,
      "passive_supply_income": 184931.50684931508,
      "cumulative_passive_supply_income": 26905040.235342164,
      "equity_no_default": 194931841.9986024,
      "equity_if_settled_now": 94931841.99860239
    }
  ]
}
